contact_id,first_name,last_name,email
4661,Cecilia,Velasco,
3765,Mariana,Ellis,
4187,Sofie,Woods,
4941,Jeanette,Iannotti,
2199,Samuel,Sorgatz,
5650,Socorro,Luna,
5889,Carolina,Murray,
4842,Kayla,Moon,
3280,Ariadna,Geisel,
5468,Danielle,Ladeck,
3064,Tatiana,Thompson,
4904,Caleb,Benavides,
1299,Sandra,Hardy,
5602,Lotti,Morris,
5753,Reinhilde,White,
4495,Kerry,Patel,
4269,Sophie,Antoine,
2226,Martha,Girard,
1558,Stephanie,King,
2307,Amanda,Palmer,
2900,Lina,Alcala,
5695,Itzel,Murphy,
5708,Filippo,Parry,
1663,Katelyn,Cole,
3605,Brian,Novak,
4678,Cilly,Gay,
2251,Yolanda,Snyder,
6202,Evelin,Odonnell,
3715,Ingeborg,Alba,
4242,Marina,Madrid,
4326,Sheila,Goodwin,
5560,Valeria,Rich,
4002,Dustin,Camacho,
3813,Amalia,Marenzio,
5336,Gian,Long,
4994,Stewart,Hunt,
1471,Greca,Ruiz,
4482,Gerald,Olivera,
3241,Jaqueline,Wallace,
3477,John,Lane,
2265,Pero,Joly,
5911,Chad,Turner,
2288,Adam,Zavala,
4064,Tyler,Rivera,
1294,Jens,Graham,
5008,Virginia,Caetani,
3604,Martino,Wagner,
3263,Martin,Meyer,
5631,Marguerite,Walls,
2851,Peter,Vogt,
3714,Nicholas,Christian,
1664,Susi,Steinberg,
5027,Tammy,Ramazzotti,
3070,Abdul,Thomas,
4248,Justin,Luxardo,
2034,Antonio,Gibson,
4085,Jeremy,Gomez,
3569,Raymond,Solorzano,
3889,Flora,Harris,
3136,Cheryl,Boyd,
2103,Rhys,Leiva,
2329,Mariano,Prieto,
3325,Laurie,Fibonacci,
3131,David,Rudolph,
4995,Bryan,Ross,
3631,Ubaldo,Brown,
5373,Clelia,Faulkner,
3126,Sara,Erickson,
2194,Rupert,Valle,
2906,Puccio,Kitzmann,
2611,Thomas,Hutchinson,
2374,Abelardo,Castro,
3254,Greco,Walker,
3571,Miranda,Lacombe,
2812,Diana,Schuchhardt,
3961,Stacey,Knox,
3872,Glen,Faivre,
4736,Andrew,Torres,
5119,Denny,Fritz,
5725,Martyn,Caldera,
4037,Abigail,Foster,
2109,Anthony,Hauffer,
3283,Roger,Gerlach,
6181,Christopher,Poirier,
3251,Branka,Traore,
3443,Briana,Etienne,
2988,Brandon,Olson,
1673,Celia,Ungaretti,
2085,Barbara,Guibert,
1672,Daniela,Bell,
4426,Phyllis,Gurule,
3211,Alejandra,Joseph,
3190,Giulio,Bohlander,
2081,Amber,Weller,
3185,Mary,Etzold,
5044,Amy,Georges,
1883,Jennifer,Giraud,
2067,Rosie,Peltier,
4604,Oreste,Ward,
3203,Luis,Edwards,
5758,Fiona,Griffiths,
5755,Sally,Raya,
5150,Carolyn,Charpentier,
4181,Nathalie,Alvarez,
3006,Abril,Lowery,
4865,Ottone,Sullivan,
2862,Esmeralda,Sollima,
6070,Silvia,Gierschner,
5300,Kyle,Cunningham,
3486,Anel,Carpentier,
5989,Sarah,Davis,
2849,Luke,Klein,
1612,Gudrun,Mueller,
3307,Melissa,Canali,
5288,Gabrielle,Ayala,
6026,Laura,Buckley,
2212,Wilfrido,Lorch,
4591,Robert,Bruder,
2771,Phillip,Soliz,
5682,Alex,Smith,
5368,Jessica,Martinez,
3706,Kelly,Carter,
4034,Ahmad,Sosa,
3209,Toralf,Iglesias,
2384,Irene,Anichini,
3074,Alicia,Cainero,
2031,Tracey,Laboy,
5873,Donald,Reynaud,
5501,Venancio,Stadelmann,
3489,Seth,Olivier,
4210,Dennis,Boaga,
6151,Pedro,Wilson,
6047,Roland,Weihmann,
5445,Hector,Morrison,
5493,Evangelos,Peters,
6036,Gerardo,Hamilton,
2368,Meta,Cuzzocrea,
1501,Alma,Raymond,
4351,Kathleen,Solimena,
3096,Zacharie,Cordier,
6162,Riza,Techer,
1433,Enrique,Guillen,
2720,Tristan,Weeks,
5251,Natalie,Lerma,
1797,Rodney,Hamon,
1656,Adalberto,Lombardo,
1346,Florencia,Querini,
2989,Liam,Rolland,
5629,Ian,Kelly,
3456,Mehdi,Todd,
3229,Rembrandt,Liguori,
2277,Irmi,Schweitzer,
1276,Gioffre,Stein,
3694,Frida,Villarreal,
2260,Steffen,Mangold,
5374,Elias,Marin,
4420,Roman,Gonzalez,
3849,Reina,Middleton,
1638,Sandro,Moran,
5230,Gebhard,Thanel,
1763,Antonino,Bolander,
4323,Karl,Trevisani,
5256,Silvester,Brookes,
4836,Octavio,Pratt,
5981,Rebecca,Greer,
1463,Pierina,Gaggini,
4577,Robin,Schleich,
4951,Sergio,Abbott,
3567,Gilberto,Evans,
5475,James,Elliott,
2114,Timoteo,Bolnbach,
5216,Tonino,Stanley,
1665,Margaretha,Murialdo,
6051,Bianca,Drubin,
3983,Kaylee,Hoffmann,
2966,Teresa,Vecellio,
4478,Emine,Tacchini,
4238,Dawn,Cortez,
4404,Emily,Cundari,
5666,Eleanor,Hall,
3691,Monique,Delgadillo,
2703,Arnaude,Warner,
4253,Jason,Howell,
5652,Nicole,Mccullough,
3279,Rosmarie,Esquibel,
3233,Leonor,Ferreira,
3017,Brett,Jones,
3482,Nino,Bien,
2166,Jemma,Tate,
4146,Denis,Rogers,
2651,Vanesa,Khan,
1409,Victoria,Ojeda,
3717,Eugenio,Martin,
3963,Nancy,Hayes,
2152,Lara,Jacob,
2974,Gino,Hernandez,
1268,Vicente,Tijerina,
1822,Michele,Brambilla,
5066,Dana,Ritacca,
5075,Mitchell,Bachmann,
3855,Vincenza,Key,
5923,Salvador,Gaillard,
1867,Diane,Rogner,
4376,Josette,Laine,
2785,Courtney,Fiebig,
5884,Hugues,Oliver,
2441,Espartaco,Willis,
1243,Flavia,Yoder,
3411,Casey,Flores,
2467,Calogero,Cross,
1850,Charles,Begum,
2604,Adina,Pollard,
1693,Natasha,Lara,
2969,Benita,Pottier,
1544,Elizabeth,Valdivia,
4149,Mattia,Huet,
3463,Geza,Howard,
2939,Lauren,Guillaume,
2202,Joanna,Baxter,
1728,Tracy,Metz,
5362,Birgit,Pena,
4840,Elvira,Papafava,
2955,Ernest,Delorme,
5354,Christy,Grossi,
3847,Hermelinda,Olmos,
3025,Herbert,Fraser,
1615,Giancarlo,Heydrich,
5154,Constance,Maldonado,
5005,Giampiero,Carlier,
1349,Carlo,Jacquot,
3670,Gabriel,Robles,
2912,Gerd,Gunpf,
4336,Ashley,Hellwig,
5576,Patrick,Rosas,
2736,Lilla,Leonard,
3321,Tony,Nicolas,
3353,Allegra,Benedetti,
2336,Camille,Tafuri,
4369,Juan,Wheeler,
4464,Leopoldo,Johnson,
5626,Dietmar,Grenier,
1669,Leonid,Scholl,
5544,Olivie,Contarini,
6078,Jeffery,Lacroix,
2580,Edeltraud,Chavez,
3592,Mesut,Morvan,
4914,Gregory,Jackson,
3848,Nicola,Rossi,
2619,Eddie,Collazo,
4605,Philippe,Gardner,
6147,Roy,Fox,
1383,Heiderose,Garcia,
1757,Claudine,Rowley,
4390,Astrid,Roht,
4165,Auguste,Burnett,
4529,Pellegrino,Allen,
6084,Angela,Bowers,
2916,Michael,Descamps,
2005,Heidelore,Kennedy,
2261,Lucrezia,Koch,
5342,Ivan,Accardo,
4087,Karen,Avogadro,
2761,Laetitia,Gallet,
2908,Amico,Gosselin,
2155,Ilaria,Bowen,
5642,Marlen,Coardi,
6217,Rafael,Alexander,
4222,Herma,Gabbana,
4798,Zachary,Vespucci,
5660,Marisol,Richard,
5000,Joseph,Glover,
2809,Lauretta,Neal,
3349,Simone,Sauvage,
3647,Ramona,Brooks,
5745,Gioele,Schwital,
2583,Elena,Jimenez,
5441,Pam,Vargas,
2090,Alison,Morales,
3386,Marc,Aumann,
1816,Carla,Butler,
4718,Dionigi,Bruce,
1677,Frank,Henry,
4218,Brent,Pons,
4548,Patricia,Liebelt,
1431,Micheletto,Sykes,
2830,Rose,Blanc,
4400,Vincent,Singh,
5773,Jamie,Peacock,
4161,Giorgia,Dijoux,
2062,Serena,Piacentini,
3458,Dimitri,Posada,
3174,Alexa,Barillaro,
5565,Megan,Kuhl,
1906,Kaitlyn,Farinelli,
5479,Jonathan,Castellitto,
4320,Lisa,Terragni,
4213,Olivier,Petrucelli,
3373,Jos,Trobbiani,
4184,Mirjam,Dawson,
5472,Javier,Tessier,
5559,Mirjana,Collins,
5419,Vanessa,Tschentscher,
4171,Antonina,Cobb,
1302,Bernard,Durand,
3520,Corey,Greggio,
6010,Rodolfo,Couturier,
4617,Pierre,Cardenas,
1417,Romeo,Surian,
4770,Ivo,Moreno,
4328,Federico,Marie,
5171,Maggie,Boito,
4394,Brianna,Hanson,
1794,Heiko,Bourgeois,
3510,Benito,Gritti,
2487,Mitzy,Junk,
2215,Samantha,Lowe,
4136,Ernesto,Nerger,
3723,Melinda,Canova,
5842,Mohammad,Hartung,
3289,Ben,Maillot,
1249,Isabel,Pruschke,
5409,Linda,Franceschi,
2951,Olivia,Striebitz,
3432,Penny,Watson,
2297,Manfred,James,
6161,Hazel,Pierce,
4603,Alf,Bates,
5818,Scott,Gough,
4270,Konrad,Briones,
6007,Mathilde,Kruschwitz,
4084,Irma,Gemito,
1340,Antoine,Guyon,
5675,William,Gibilisco,
2010,Judith,Butte,
6201,Joanne,Henderson,
1791,Ludovica,Arellano,
3314,Catherine,Gray,
5852,Franco,Fioravanti,
4618,Heather,Zimmer,
2618,Hortense,Taylor,
4967,Livia,Ernst,
4594,Toby,Etzler,
2080,Ennio,Leoncavallo,
2793,Philippine,Vaca,
4890,Rhonda,Phillips,
3528,Alphonse,Nitto,
5810,Karina,Arreola,
5720,Denise,Wood,
4593,Burghard,Rosenow,
3186,Friedl,Powell,
5136,Benjamin,Schultz,
2646,Rachel,Ulibarri,
3460,Silvano,Blanchet,
4345,Kurt,Sauer,
2690,Nayeli,Gehringer,
4025,Imelda,Guerin,
4524,Zbigniew,Holmes,
3978,Adela,Alfonsi,
3910,Hilary,Clark,
5825,Kornelius,Molina,
3564,Christian,Anderson,
2396,Francisco,Dorsey,
2140,Walli,Albert,
3079,Siegrun,Mota,
2017,Alberico,Herve,
5444,Serafina,Bonnin,
2216,Marcelle,Bender,
1241,Hartmuth,Robertson,
1484,Herlinde,George,
3475,Pamela,Payne,
4333,Gastone,Beyer,
5657,Lydia,Berengario,
2527,Lucy,Davidson,
5967,Franck,Wade,
5698,Heidi,Barker,
3331,Arnaldo,Ocasio,
3841,Francis,Bernier,
6105,Johanne,Strong,
3895,Debra,Langlois,
1891,Reingard,Kambs,
1281,Mauro,Ortiz,
4186,Griselda,Carranza,
2511,Janet,Madrigal,
4272,Jenna,Day,
3533,Modesto,Wright,
3618,Alice,Wall,
2177,Brenda,Sontag,
4102,Sergius,Mace,
6089,Antonia,Kline,
4701,Maurice,Gumprich,
5645,Daniel,Anders,
4499,Zaira,Cattaneo,
3365,Alessio,Bruneau,
2290,Gerdi,Guerrero,
1890,Brigitte,Stiebitz,
1304,June,Sinisi,
3799,Carl,Macias,
2749,Veronica,Trapp,
2028,Frances,Garnier,
2383,Terri,Iannelli,
5721,Odette,Moore,
1394,Mercedes,Trujillo,
3451,Babette,Dumas,
5512,Jerry,Santiago,
2453,Ronald,Simpson,
6055,Emmanuel,Dominguez,
5704,Christiane,Ricciardi,
3707,Ingolf,Zamora,
2205,Rita,Sharp,
5976,Geraldine,Cabrera,
3290,Chantal,Armas,
4257,Louis,Gilbert,
4588,Michelle,Collier,
4785,Guillermina,Nicholson,
3033,Bertrand,Hopkins,
2779,Alonso,Palomo,
2131,Tina,Rodriguez,
6229,Eva,Francis,
3429,Ottavio,Rust,
1613,Amelia,Olvera,
4734,Paul,Palladio,
4439,Bernardo,Wieloch,
1441,Umberto,Hicks,
5799,Janko,Bishop,
1419,Jessika,Meunier,
3059,Isaac,Benard,
3224,Alexandrie,Lambert,
3181,Roberto,Guyot,
6061,Giulietta,Lucas,
4466,Damaris,Pininfarina,
6081,Fabrizia,Renard,
2159,Camillo,Dehmel,
3324,Ruggero,Parpinel,
3176,Stephen,Pratesi,
5874,Ludger,Naccari,
5110,Meryem,Tapia,
5490,Jasmine,Juvara,
1922,Victoire,Travaglia,
4398,Adrian,Noel,
4754,Marvin,Howe,
3309,Hanne,Kidd,
1244,Donatello,Millet,
2892,Eloisa,Pascarella,
2777,Erica,Zambrano,
4952,Paula,Canales,
5144,Claudia,Bernard,
5487,Paulina,Miller,
1932,Kathrin,Godfrey,
3364,Pina,Passalacqua,
5165,Julien,Miles,
3858,Suzanne,Benigni,
4666,Annalisa,Pugh,
2896,Mathew,Maestas,
4520,Laszlo,Vallee,
5726,Helen,Polanco,
5661,Mateo,Sorrentino,
4765,Eric,Barnes,
3710,Dragica,West,
4925,Antje,Voisin,
1533,Stanley,Mills,
5264,Brandy,Meraz,
4606,Conor,Reinhardt,
2043,Gabino,Blot,
3871,Alvaro,Lemus,
6205,Patrizia,Wilms,
3193,Metin,Coulon,
1810,Reece,Valencia,
4797,Troy,Schmiedecke,
1487,Wendy,Bustos,
3474,Guglielmo,Caldwell,
5771,Travis,Cowan,
6074,Brandi,Abbagnale,
1568,Hanno,Gollum,
4263,Jutta,Burke,
5850,Dorothe,Paz,
5619,Desiree,Huerta,
1904,Ilse,Bray,
5388,Pierpaolo,Scaduto,
2150,Amedeo,Bradford,
2653,Julia,Ali,
2687,Catalina,Pizzetti,
3779,Dylan,Porzio,
1494,Iris,Trincavelli,
4129,Johnathan,Guidotti,
3035,Walburga,Vollbrecht,
2069,Kendra,David,
5469,Aleksandr,Weiss,
3903,Cornelio,Guardado,
4083,Ferdi,Blackburn,
4003,Bill,Gallagher,
3565,Leonard,Harvey,
1640,Milan,Montenegro,
4769,Philip,Perez,
3398,Kathryn,Hentschel,
1865,Xavier,Samson,
5690,Hartwig,Roberts,
3814,Kimberly,Chan,
2942,Lorraine,Crawford,
5095,Maximiliano,Knowles,
2878,Gabriella,Avila,
3697,Rico,Mortati,
4744,Gail,Petrocelli,
2104,Liberto,Niemeier,
4883,Luciana,Petitjean,
4807,Ron,Cavazos,
1372,Aldo,Cibin,
3666,Alexandre,Serrano,
2066,Lori,Fagotto,
1834,Perla,Figueroa,
5853,Reginald,Hughes,
2219,Uriel,Holt,
4148,Stefano,Lemonnier,
4477,Madeleine,Cooper,
1786,Alban,Barbier,
3455,Alfonso,Finetti,
5707,Ryan,Kim,
5470,Augustin,Wohlgemut,
3274,Rolando,Bibi,
4613,Berthold,Randall,
4465,Genaro,Briand,
1652,Rudolf,Jenkins,
2100,Pauline,Ackermann,
4321,Folker,Swanson,
4168,Ashleigh,Montez,
3733,Liliana,Barber,
2594,Caridad,Carr,
3909,Lolita,Borrego,
5179,Gunar,Patrick,
2228,Leokadia,Verdier,
6222,Hanna,Reid,
2354,Edelgard,Kreusel,
1725,Svenja,Perrin,
2960,Pierluigi,Taccola,
2077,Cilli,Watts,
5662,Emiliano,Wells,
3481,April,Davids,
2565,Dolores,Didier,
4436,Sylvia,Bonomo,
5072,Nelly,Marsh,
5200,Beth,Miniati,
4502,Renee,Merino,
4945,Hailey,Russell,
3012,Raphaela,Gotthard,
6094,Pomponio,Comencini,
3815,Leone,Richardson,
4838,Valentine,Acosta,
3469,Ricciotti,Laureano,
4874,Jacques,Heidrich,
1792,Anne,Snow,
4356,Sonia,Volta,
6196,Dale,Leblanc,
3578,Alejandro,Cruz,
4491,Elsa,Cugia,
3054,Geronimo,Pechel,
1968,Melania,Klemm,
5869,Katherine,Cooley,
5858,Guillermo,Larsen,
5203,Jill,Barrios,
2577,Austin,Musatti,
3216,Jacinto,Rose,
2037,Lucie,Redi,
3867,Tania,Chapman,
5109,Alexandria,Best,
1376,Edward,Scott,
5260,Jake,Wiley,
2350,Claudio,Reuter,
2269,Laure,Traetta,
3650,Magarete,Valentin,
3934,Paige,Hill,
4048,Fulvio,Curiel,
4266,Thibaut,Camarillo,
3863,Romana,Blanchard,
4922,Thibault,Savorgnan,
4517,Alexander,Pausini,
3259,Pierangelo,Scholtz,
3123,Emmanuelle,Keller,
3870,Isabella,Deleon,
2996,Timothy,Weitzel,
2993,Alfredo,Ingram,
4556,Francesca,Kade,
2326,Tonia,Coleman,
4109,Gottfried,Barbe,
5739,Jeffrey,Trommler,
5887,Giacobbe,Owens,
1651,Conchita,Pagliaro,
1628,Kevin,Delahaye,
2642,Rouven,Ovadia,
6020,Piermaria,Laporte,
4747,Karolin,Johann,
5534,Steven,Folliero,
4790,Livio,Rosselli,
4632,Gaetano,Leonardi,
1952,Cynthia,Robinson,
4388,Eleni,Aponte,
5529,Noelia,Romo,
1316,Evelyn,Haynes,
1670,Katharine,Zaccagnini,
4909,Lea,Merle,
3401,Marta,Huynh,
4619,Amador,Riley,
4722,Julie,Coles,
2188,Beverley,Telesio,
5497,Corinne,Mitschke,
5711,Valerie,Ortega,
4076,Carlos,Delle,
1847,Christina,Besnard,
2816,Rosario,Jacques,
5019,Celal,Fischer,
4869,Leonardo,Guzman,
3613,Clinton,Mason,
3069,Loretta,Mallet,
2601,Lorenzo,Roero,
2133,Lando,Gutierrez,
3164,Elaine,Patterson,
3897,Marcella,Govoni,
5663,Ettore,Amaldi,
3879,Rufino,Gallegos,
5900,Georges,Richards,
2272,Janice,Infantino,
5436,Svetlana,Montanariello,
3676,Agnolo,Cedillo,
4676,Hannah,Jockel,
1563,Yvonne,Stout,
4349,Anouk,Pace,
1658,Esteban,Valdez,
2552,Angelina,Davies,
4847,Anastasie,Cadena,
1553,Hansjoachim,Lettiere,
2632,Yeni,Tejada,
1908,Dulce,Adinolfi,
5801,Sean,Mielcarek,
1935,Omar,Fonseca,
2609,Henry,Gucci,
2740,Samira,Bottaro,
1907,Korinna,Arnold,
1831,Marcela,Ferrante,
5177,Douglas,Amaya,
6179,Katherina,Barrientos,
2917,Brittany,Tran,
1486,Caroline,Reeves,
3735,Joe,Michaud,
3838,Marco,Vittadello,
2430,Kim,Webb,
2480,Eugenia,Zichichi,
3431,Aurore,Rosemann,
1742,Giustino,Luzi,
4628,Anita,Galindo,
2385,Gunhild,Carrillo,
2213,Rosa,Paul,
5188,Marliese,Oneal,
3418,Bethany,Hartmann,
5637,Irina,Martineau,
3530,Beatriz,Moulin,
3731,Lucas,Austin,
3219,Carole,Nohlmans,
2392,Bozena,Schmitt,
5103,Aimee,Foconi,
3992,Marzena,Carrero,
2442,Raisa,Poulain,
2913,Marcantonio,Bennett,
1631,Kenneth,Hurst,
4073,Marisela,Mende,
4568,Blanka,Villareal,
1830,Tomislav,Stoppani,
2623,Krystal,Ammaniti,
4327,Deanna,Aporti,
3713,Donatella,Burns,
2389,Margrit,Hooper,
5141,Baccio,Marcacci,
3522,Alfio,Roman,
1334,Soledad,Soto,
4721,Josh,Cimarosa,
3768,Nath,Rico,
1639,Gary,Armani,
5149,Miriam,Oquendo,
2153,Monica,Mohaupt,
2767,Alec,Ho,
5124,Harry,Fouquet,
2097,Arcelia,Babati,
4796,Trinidad,Vespa,
5849,Colette,Ryan,
1495,Richard,Andre,
2462,Ellinor,Leclercq,
2280,Patricio,Guillon,
1877,Kirsten,Chindamo,
6108,Leo,Petruzzi,
4427,Margot,Tomaselli,
2881,Ansaldo,Marks,
2339,Regina,Morin,
5156,Karla,Medici,
4750,Morgan,Irizarry,
4852,Natividad,Wong,
5734,Anna,Freeman,
3801,Emilia,Vivaldi,
4474,Gerda,Cook,
1992,Andrey,Faure,
5796,Charlotte,Duke,
1373,Cindy,Castillo,
1879,Hiltrud,Thibault,
3072,Kasimir,Jaime,
4561,Sabine,Lachmann,
5201,Andrea,Arroyo,
5871,Matthew,Velasquez,
3041,Severino,Linares,
5864,Swantje,Lomeli,
3999,Marcus,Espino,
4849,Allen,Gates,
5461,Mauricio,Saunders,
5946,Gilbert,Cornejo,
4508,Letizia,Gulotta,
5096,Etta,Gutknecht,
5443,Shelley,Perry,
2165,Geoffrey,Williams,
2125,Cory,Stewart,
6141,Kristy,Bartlett,
5245,Gianluca,Beck,
2190,Guido,Krein,
2243,Leif,Monnier,
3336,Jonas,Badoer,
3305,Devin,Ebert,
6191,Slobodan,Camiscione,
1326,Volkmar,Gauthier,
6159,Jordan,Rowe,
2003,Manon,Daugherty,
5881,Estela,Segovia,
1918,Giada,Celentano,
2157,Clayton,Salcedo,
3149,Raven,Pinto,
2444,Lewis,Lewis,
6207,Rochus,Rousseau,
5580,Belinda,Gamez,
5942,Angelo,Lozano,
1592,Jorge,Monti,
2344,Ricky,Harrell,
5995,Adriano,Wulf,
5022,Pompeo,Bourdon,
5991,Kristie,Garrett,
4020,Lodovico,Conley,
6028,Jean,Berthelot,
2790,Tadeusz,Medina,
4033,Ruby,Carriera,
1261,Theres,Antonioni,
1979,Gloria,Morton,
2122,Graziano,Jensen,
4506,Gianpaolo,Massey,
3016,Alain,Farmer,
3272,Renato,Murillo,
1375,Edda,Ferraris,
4014,Luce,Marty,
3199,Rotraud,Mitchell,
2184,Israel,Watkins,
2170,Nathan,Jennings,
1478,Gavin,Proietti,
6163,Emma,Rios,
1889,Todd,Douglas,
5912,Oscar,Holsten,
2537,Ann,Peron,
2118,Senta,Grassi,
3234,Kata,Mena,
3842,Gianfranco,Hethur,
3032,Florentine,Saraceno,
3238,Giuliano,Bolzmann,
2059,Alwine,Kostolzin,
5238,Giacinto,Briggs,
2578,Holly,Negrete,
4789,Mark,Trapanese,
2357,Alyssa,Brun,
1235,Cristina,Chevalier,
3558,Shannon,Lefevre,
1707,Logan,Hornich,
2842,Rosalia,Toro,
5318,Reiner,Poerio,
1620,Valentina,Pages,
4998,Enrico,Fabre,
3111,Sevim,Begue,
1424,Sonja,Patberg,
3244,Christine,Hiller,
4643,Maik,Beasley,
6132,Elliot,Santana,
3790,Eloy,Renzi,
1312,Wolf,Lutz,
5686,Giuseppe,Lee,
2111,Angelica,Cuellar,
5685,Bekir,Normand,
1905,Carmine,Gonzales,
3271,Marianne,Hubert,
4178,Gonzalo,Montes,
3275,Shelly,Guichard,
5713,Tobias,Carbajal,
3339,Santiago,Berry,
5585,Emilio,Davenport,
4407,Maurizio,Gute,
1941,Nadia,Travaglio,
4690,Elisa,Barkholz,
3607,Cristal,Mazzini,
2670,Trevor,Granados,
5261,Matthieu,Mcdonald,
4121,Juliette,Preston,
4620,Stanislaw,Montalvo,
4630,Lilia,Lollobrigida,
3440,Brigitta,Shaw,
3572,Rebeca,Frey,
5306,Nicolas,Palacios,
5122,Susanna,Bonneau,
1368,Romina,Valentine,
5370,Erika,Toussaint,
5636,Lothar,Laurent,
6033,Chelsea,Verdugo,
3599,Ria,Venier,
5566,Carly,Summers,
1873,Pasquale,Tomasini,
3904,Stefani,Ughi,
4453,Jose,Huang,
5481,Petros,Gaona,
2987,Maximilian,Siering,
2431,Ermenegildo,Holzapfel,
4158,Damien,Leger,
3753,Zeferino,Barrera,
4391,Alfred,Pohl,
2026,Marissa,Gaito,
4547,Ariana,Houston,
2798,Victor,Jacobs,
4732,Henriette,Lang,
5126,Wilfriede,Baca,
5151,Lucia,Riviere,
2134,Gordon,Vigorelli,
5786,Diethard,Salgado,
5515,Sue,Corrales,
4530,Arthur,Salazar,
4088,Fortunata,Schneider,
3667,Gretchen,Serna,
3286,Egon,Caron,
4804,Roberta,Finzi,
5768,Editha,Savage,
6098,Allan,Emanuelli,
2508,Laurence,Lucero,
5779,Istvan,Draghi,
1717,Luigi,Bonnet,
3368,Yuridia,Fantozzi,
4265,Eraldo,Schmiedt,
4455,Antoinette,Cox,
2940,Cameron,Ocampo,
6144,Lynn,Lawson,
3657,Natalia,Seifert,
1537,Nuray,Anguillara,
2116,Beate,Morgan,
5102,Mario,Rees,
5815,Galasso,Junken,
4250,Luca,Moses,
4533,Aurelio,Gertz,
3329,Uberto,Steele,
3606,Annie,Hunter,
4749,Jo,Mccarty,
2222,Eitel,Lombard,
1939,Susan,Vigliotti,
2456,Jacqueline,Germano,
2794,Fidel,Ruppert,
2648,Margaret,Eigenwillig,
2545,Yvette,Harding,
3273,Federigo,Karge,
6155,Guenther,Armenta,
6064,Coriolano,Higgins,
1729,Felix,Rubio,
4969,Melanie,Leveque,
3402,Abbie,Galeati,
2810,Vittorio,Caccioppoli,
2217,Biagio,Valenzuela,
5140,Dario,Green,
4497,Alwina,Textor,
5100,Diether,Baeza,
3390,Sole,Trevino,
1926,Darren,Bernardi,
3264,Martina,Heser,
2573,Bethan,Giacometti,
3628,Ethan,Duhamel,
3826,Corrado,Warren,
5983,Damian,Pulido,
5678,Dino,Osborne,
2093,Nicolaus,Bernetti,
5333,Gianna,Carroll,
5139,Grit,Knight,
3173,Erin,Weinhold,
3333,Craig,Jordan,
2262,Homero,Respighi,
1531,Fanny,Pertile,
4881,Fridolin,Comboni,
3928,Hugh,Cantu,
1803,Alphons,Simmons,
2321,Ludovico,Cafarchia,
6234,Nico,Kaiser,
1422,Kirsty,Lamy,
2660,Joshua,Scheibe,
5361,Carin,Pineau,
3420,Ellie,Galarza,
4337,Marion,Lira,
2338,Aurelia,Angiolello,
4140,Maura,Ravaglioli,
2373,Brunhilde,Fletcher,
1344,Ottfried,Marques,
2141,Christelle,Blasi,
3415,Augusto,Vercelloni,
5696,Michela,Pruvost,
1798,Guarino,Escalante,
1657,Gabriela,Padilla,
3651,Agathe,Dias,
3574,Werner,Kallert,
6063,Lore,Delaunay,
2404,Enzio,Campos,
2705,Walther,Duarte,
5059,Adelgunde,Trevisan,
5466,Thierry,Schwartz,
5821,Katie,Andersen,
5385,Kathy,Zamorani,
3506,Giuseppina,Tanguy,
5427,Jack,Klapp,
6142,Tom,Leconte,
2873,Bonnie,Cignaroli,
3916,Danny,Farrell,
1687,Fiorenzo,Bauer,
1542,Randy,Alfieri,
3087,Tim,Bradley,
3857,Yves,Mendez,
5921,Raffaella,Esquivel,
3144,Lawrence,Vasari,
2676,Sam,Adams,
3646,Mirco,Nicolini,
1321,Graham,Bajardi,
1399,Luc,Quinn,
3169,Stella,Ullrich,
2058,Calcedonio,Remy,
1300,Nanni,Almaraz,
2075,Pascual,Corradi,
2984,Kristi,Grant,
4768,Manuel,Gracia,
3682,Gionata,Hussain,
5901,Maria,Nguyen,
3540,Leon,Baker,
2225,Gianmarco,Alcaraz,
1485,Derrick,Little,
5343,Terry,Ramirez,
5594,Katarina,Clarke,
2482,Leila,Washington,
2706,Mirko,Townsend,
4861,Randall,Connolly,
2961,Pia,Burgess,
3043,Justine,Mancini,
6103,Reynaldo,Wagenknecht,
4708,Toni,Magrassi,
4395,Patrizio,Cisneros,
4912,Durante,Lindner,
2030,Rosl,Lamborghini,
5235,Ugo,Harrison,
5001,Isidor,Carpenter,
4093,Marie,Zoppetto,
2576,Branko,Chambers,
6122,Alan,Pineda,
2813,Carmen,Oestrovsky,
3737,Shane,Fernandez,
2803,Debbie,Guilbert,
5508,Vito,Dossi,
3850,Evan,Schacht,
4220,Mandy,Weston,
4532,Paulo,Zito,
6013,Alberto,Girschner,
3396,Giacomo,Bouvet,
4401,Ehrentraud,Puga,
2981,Cristian,Hale,
4467,Lilija,Charles,
1377,Albert,Legendre,
5036,Marisa,Renaud,
5761,Sharon,Diallo,
3699,Eduardo,Delattre,
4519,Bernadette,Wang,
5395,Dina,Gibbons,
3057,Clara,Armstrong,
2741,Elliott,Herrmann,
1675,Graziella,Vidal,
2712,Francisca,Becerra,
4527,Edeltrud,Boyer,
1722,Julian,Noble,
4330,Christophe,Bohnbach,
5219,Ippazio,Angulo,
4997,Grace,Kroker,
2239,Jared,Ferguson,
4587,Virginie,McLean,
4113,Mason,Potter,
4762,Aaron,Anaya,
5242,Leah,Ornelas,
5765,Harald,Roy,
2185,Micaela,Martel,
5500,Vincentio,Sanders,
3494,Bettina,Norbiato,
3924,Julio,Renner,
3521,Jelena,Stiffel,
5262,Guadalupe,Munoz,
3684,Whitney,Noack,
5784,Gelsomina,Migliaccio,
1498,Evangelista,Pereira,
6073,Gareth,Comolli,
4939,Michelangelo,Hess,
